id;name;website;email_address;phone_number;created_on;created_by;updated_on;updated_by;is_active
1;Intelligent open-source Kentucky;orchid Bosnia CSS;bandwidth Bacon;circuit;2022-07-12T20:10:08;functionalities;2022-07-12T22:13:22;Quality-focused bus United;multimedia emulation
2;invoice;web-readiness Steel bypassing;revolutionize cross-platform generate;Franc;2022-07-12T22:25:01;virtual Falls;2022-07-12T13:48:19;Bike Nevada Bacon;capacitor architect
3;incubate;cross-platform;Chicken Rustic;bandwidth Forward blue;2022-07-13T07:24:07;TCP;2022-07-12T17:54:35;parse payment indigo;deposit Nebraska
4;markets;feed;Vision-oriented Port;bypass Manager Facilitator;2022-07-12T10:34:35;driver Car;2022-07-12T10:19:13;Mouse driver Account;Legacy
5;Planner experiences;Brand Bedfordshire Assistant;enterprise ivory;olive Supervisor;2022-07-12T19:12:23;Concrete;2022-07-12T20:38:26;withdrawal to Product;Generic National
6;Functionality back-end seize;Planner Integration;deposit RAM pink;synthesizing;2022-07-13T00:13:40;Synchronised;2022-07-12T17:14:16;wireless Automated;brand
7;optical Plastic;embrace Unbranded Granite;XSS Regional Quality-focused;Phased;2022-07-12T15:40:06;deposit Dollar Technician;2022-07-12T18:36:01;Awesome Silver eyeballs;connecting withdrawal transmitting
8;Cambridgeshire Account ROI;Rue Mayen Wooden;blue Organized;Refined;2022-07-12T15:28:32;hacking Account;2022-07-12T13:39:41;Computer Representative Money;Ball holistic
9;Fundamental;Refined Fresh;SMS;global;2022-07-12T18:10:01;Applications Austria Virginia;2022-07-13T09:01:54;Albania Dynamic;Interface Mauritania leading
10;circuit Berkshire Practical;Small Ergonomic;Krone Granite Stravenue;bleeding-edge;2022-07-12T20:14:20;generating;2022-07-12T15:56:05;core collaborative Loan;online
